,Kq,angle/90,h/lo,D/lo,d/lo,u/lo,s/lo,a/a_smooth_Bor
0,37.135239177803,1.0,0.16780756478776998,0.071917527766185,0.06792210955695299,0.055935854929254986,0.07111844412433901,5.0274273688082
1,79.212191259474,1.0,0.16780756478776998,0.071917527766185,0.06792210955695299,0.055935854929254986,0.07111844412433901,6.5306559719138
2,194.22417802063,1.0,0.16780756478776998,0.071917527766185,0.06792210955695299,0.055935854929254986,0.07111844412433901,6.9053246645692
3,433.07998710425005,1.0,0.16780756478776998,0.071917527766185,0.06792210955695299,0.055935854929254986,0.07111844412433901,7.5553651335076
4,684.28817345722,1.0,0.16780756478776998,0.071917527766185,0.06792210955695299,0.055935854929254986,0.07111844412433901,7.3541686920075
5,1146.8907994832,1.0,0.16780756478776998,0.071917527766185,0.06792210955695299,0.055935854929254986,0.07111844412433901,6.0633854256464
6,1427.0672537737,1.0,0.16780756478776998,0.071917527766185,0.06792210955695299,0.055935854929254986,0.07111844412433901,5.2278180508347
7,2044.838523194,1.0,0.16780756478776998,0.071917527766185,0.06792210955695299,0.055935854929254986,0.07111844412433901,4.5316229299178
8,2227.329466801,1.0,0.16780756478776998,0.071917527766185,0.06792210955695299,0.055935854929254986,0.07111844412433901,4.5151312795123
9,2742.1306027435003,1.0,0.16780756478776998,0.071917527766185,0.06792210955695299,0.055935854929254986,0.07111844412433901,4.9369257804223
10,157.24200276033,0.83333333333333,0.13584421911391,0.027967927464628,0.06792210955695299,0.055935854929254986,0.07111844412433901,18.920781895265
11,440.29501697176005,0.83333333333333,0.13584421911391,0.027967927464628,0.06792210955695299,0.055935854929254986,0.07111844412433901,11.065551801308
12,697.65242806662,0.83333333333333,0.13584421911391,0.027967927464628,0.06792210955695299,0.055935854929254986,0.07111844412433901,9.9817799071308
13,1045.2817546285,0.83333333333333,0.13584421911391,0.027967927464628,0.06792210955695299,0.055935854929254986,0.07111844412433901,7.8648073502562
14,1404.4773667952,0.83333333333333,0.13584421911391,0.027967927464628,0.06792210955695299,0.055935854929254986,0.07111844412433901,7.1525494717487
15,1893.6017670221,0.83333333333333,0.13584421911391,0.027967927464628,0.06792210955695299,0.055935854929254986,0.07111844412433901,7.3118067955285
16,2503.8403020038,0.83333333333333,0.13584421911391,0.027967927464628,0.06792210955695299,0.055935854929254986,0.07111844412433901,6.486610165560499
17,3051.8938816572,0.83333333333333,0.13584421911391,0.027967927464628,0.06792210955695299,0.055935854929254986,0.07111844412433901,6.9290240062061
18,3461.9064357484003,0.83333333333333,0.13584421911391,0.027967927464628,0.06792210955695299,0.055935854929254986,0.07111844412433901,7.4929318834094
19,3904.324416835,0.83333333333333,0.13584421911391,0.027967927464628,0.06792210955695299,0.055935854929254986,0.07111844412433901,7.4302565998174
20,4328.8942663122,0.83333333333333,0.13584421911391,0.027967927464628,0.06792210955695299,0.055935854929254986,0.07111844412433901,7.6903747959784985
21,4858.3356407890005,0.83333333333333,0.13584421911391,0.027967927464628,0.06792210955695299,0.055935854929254986,0.07111844412433901,7.991917981736702
22,14.103530108599,0.77777777777778,0.16780756478776998,0.081906073289266,0.057933564033871,0.04794501851079,0.07990836418465,2.9166577272963
23,31.727552134698,0.77777777777778,0.16780756478776998,0.081906073289266,0.057933564033871,0.04794501851079,0.07990836418465,3.5475759082753
24,58.330037774816,0.77777777777778,0.16780756478776998,0.081906073289266,0.057933564033871,0.04794501851079,0.07990836418465,3.9420701212929
25,89.051521400607,0.77777777777778,0.16780756478776998,0.081906073289266,0.057933564033871,0.04794501851079,0.07990836418465,4.3376203462897
26,131.56751315041998,0.77777777777778,0.16780756478776998,0.081906073289266,0.057933564033871,0.04794501851079,0.07990836418465,4.3597209392565
27,235.48883190159,0.77777777777778,0.16780756478776998,0.081906073289266,0.057933564033871,0.04794501851079,0.07990836418465,4.3978130878482
28,298.67596698597,0.77777777777778,0.16780756478776998,0.081906073289266,0.057933564033871,0.04794501851079,0.07990836418465,4.3116750025303
29,367.27234066653,0.77777777777778,0.16780756478776998,0.081906073289266,0.057933564033871,0.04794501851079,0.07990836418465,4.0681711724674
30,440.77815915898,0.77777777777778,0.16780756478776998,0.081906073289266,0.057933564033871,0.04794501851079,0.07990836418465,3.954154147026
31,536.1869068342401,0.77777777777778,0.16780756478776998,0.081906073289266,0.057933564033871,0.04794501851079,0.07990836418465,3.6954103530461
32,615.81027499931,0.77777777777778,0.16780756478776998,0.081906073289266,0.057933564033871,0.04794501851079,0.07990836418465,3.5597807611589
33,718.03279369437,0.77777777777778,0.16780756478776998,0.081906073289266,0.057933564033871,0.04794501851079,0.07990836418465,3.4934984233134
34,824.94003705545,0.77777777777778,0.16780756478776998,0.081906073289266,0.057933564033871,0.04794501851079,0.07990836418465,3.3934121882781
35,932.93660628213,0.77777777777778,0.16780756478776998,0.081906073289266,0.057933564033871,0.04794501851079,0.07990836418465,3.4445918248462
36,1075.4264189753,0.77777777777778,0.16780756478776998,0.081906073289266,0.057933564033871,0.04794501851079,0.07990836418465,3.323487178074
37,1193.7254688192,0.77777777777778,0.16780756478776998,0.081906073289266,0.057933564033871,0.04794501851079,0.07990836418465,3.249133663693
38,1056.2348394864,0.77777777777778,0.16780756478776998,0.081906073289266,0.057933564033871,0.04794501851079,0.07990836418465,3.4042046597612
39,939.26317190649,0.77777777777778,0.16780756478776998,0.081906073289266,0.057933564033871,0.04794501851079,0.07990836418465,3.6028495939219
40,824.47264891573,0.77777777777778,0.16780756478776998,0.081906073289266,0.057933564033871,0.04794501851079,0.07990836418465,3.6976916751853
41,715.11130637891,0.77777777777778,0.16780756478776998,0.081906073289266,0.057933564033871,0.04794501851079,0.07990836418465,3.9528741256079
42,637.22574951975,0.77777777777778,0.16780756478776998,0.081906073289266,0.057933564033871,0.04794501851079,0.07990836418465,3.963655748312701
43,525.71816070771,0.77777777777778,0.16780756478776998,0.081906073289266,0.057933564033871,0.04794501851079,0.07990836418465,4.2539049129625
44,423.66676838438,0.77777777777778,0.16780756478776998,0.081906073289266,0.057933564033871,0.04794501851079,0.07990836418465,4.3801514393288
45,365.80910421372,0.77777777777778,0.16780756478776998,0.081906073289266,0.057933564033871,0.04794501851079,0.07990836418465,4.4055340621385986
46,294.35979344801,0.77777777777778,0.16780756478776998,0.081906073289266,0.057933564033871,0.04794501851079,0.07990836418465,4.559425025036701
47,235.48883190159,0.77777777777778,0.16780756478776998,0.081906073289266,0.057933564033871,0.04794501851079,0.07990836418465,4.5764634074716
48,181.19204202353,0.77777777777778,0.16780756478776998,0.081906073289266,0.057933564033871,0.04794501851079,0.07990836418465,4.598380549278598
49,98.837008374935,0.77777777777778,0.16780756478776998,0.081906073289266,0.057933564033871,0.04794501851079,0.07990836418465,4.4126534979101
50,54.887568419769,0.77777777777778,0.16780756478776998,0.081906073289266,0.057933564033871,0.04794501851079,0.07990836418465,3.973720116600001
51,131.17777376705,0.77777777777778,0.16780756478776998,0.081906073289266,0.057933564033871,0.04794501851079,0.07990836418465,4.6466356384421
52,239.26532793975,0.77777777777778,0.16780756478776998,0.081906073289266,0.057933564033871,0.04794501851079,0.07990836418465,4.6007977825189
53,366.54072247156,0.77777777777778,0.16780756478776998,0.081906073289266,0.057933564033871,0.04794501851079,0.07990836418465,4.3838092019129
54,538.6604494596,0.77777777777778,0.16780756478776998,0.081906073289266,0.057933564033871,0.04794501851079,0.07990836418465,4.288530281395101
55,726.20896995698,0.77777777777778,0.16780756478776998,0.081906073289266,0.057933564033871,0.04794501851079,0.07990836418465,3.9572603804523
56,917.6760724804601,0.77777777777778,0.16780756478776998,0.081906073289266,0.057933564033871,0.04794501851079,0.07990836418465,3.7380062877399
57,1226.0961470608,0.77777777777778,0.16780756478776998,0.081906073289266,0.057933564033871,0.04794501851079,0.07990836418465,3.5776979726163
58,1331.0877222855,0.77777777777778,0.16780756478776998,0.081906073289266,0.057933564033871,0.04794501851079,0.07990836418465,3.3692635504829003
59,1485.3569620444,0.77777777777778,0.16780756478776998,0.081906073289266,0.057933564033871,0.04794501851079,0.07990836418465,3.3100642272221
60,1642.0902720336999,0.77777777777778,0.16780756478776998,0.081906073289266,0.057933564033871,0.04794501851079,0.07990836418465,3.1713836742708
61,1805.8132155492,0.77777777777778,0.16780756478776998,0.081906073289266,0.057933564033871,0.04794501851079,0.07990836418465,3.0497018994789
62,36.041232940436004,0.77777777777778,0.16780756478776998,0.081906073289266,0.057933564033871,0.04794501851079,0.07990836418465,4.2205358287768
63,3323.2043364199,0.77777777777778,0.16780756478776998,0.081906073289266,0.057933564033871,0.04794501851079,0.07990836418465,2.7398154929888
64,3560.7272413953997,0.77777777777778,0.16780756478776998,0.081906073289266,0.057933564033871,0.04794501851079,0.07990836418465,2.6284743147331
65,3981.8077954821,0.77777777777778,0.16780756478776998,0.081906073289266,0.057933564033871,0.04794501851079,0.07990836418465,2.5307810119382004
66,4353.668017938499,0.77777777777778,0.16780756478776998,0.081906073289266,0.057933564033871,0.04794501851079,0.07990836418465,2.4646144867297
67,4606.7169332313,0.77777777777778,0.16780756478776998,0.081906073289266,0.057933564033871,0.04794501851079,0.07990836418465,2.4125431343686
68,4834.573005437001,0.77777777777778,0.16780756478776998,0.081906073289266,0.057933564033871,0.04794501851079,0.07990836418465,2.329404075659
69,5355.5125899943,0.77777777777778,0.16780756478776998,0.081906073289266,0.057933564033871,0.04794501851079,0.07990836418465,2.2168940996785
70,5763.344248763299,0.77777777777778,0.16780756478776998,0.081906073289266,0.057933564033871,0.04794501851079,0.07990836418465,2.1723013483177
71,6069.247905736701,0.77777777777778,0.16780756478776998,0.081906073289266,0.057933564033871,0.04794501851079,0.07990836418465,2.1173937116122
72,6284.550556171,0.77777777777778,0.16780756478776998,0.081906073289266,0.057933564033871,0.04794501851079,0.07990836418465,2.0981659826491
73,6674.6958495245,0.77777777777778,0.16780756478776998,0.081906073289266,0.057933564033871,0.04794501851079,0.07990836418465,2.056329777509
74,7083.1415690585,0.77777777777778,0.16780756478776998,0.081906073289266,0.057933564033871,0.04794501851079,0.07990836418465,2.0372298362023
75,187.61135079022,0.88888888888889,0.22773883792625,0.083903782393883,0.055935854929254986,0.071917527766185,0.055935854929254986,4.3677245133713
76,303.37411975295,0.88888888888889,0.22773883792625,0.083903782393883,0.055935854929254986,0.071917527766185,0.055935854929254986,3.8824768977478
77,523.00849433569,0.88888888888889,0.22773883792625,0.083903782393883,0.055935854929254986,0.071917527766185,0.055935854929254986,4.0013387115313
78,735.1488583654599,0.88888888888889,0.22773883792625,0.083903782393883,0.055935854929254986,0.071917527766185,0.055935854929254986,4.2879685995339
79,915.6149189587,0.88888888888889,0.22773883792625,0.083903782393883,0.055935854929254986,0.071917527766185,0.055935854929254986,4.8444615532637
80,1097.2837360808999,0.88888888888889,0.22773883792625,0.083903782393883,0.055935854929254986,0.071917527766185,0.055935854929254986,4.6201318084302
81,1292.9189884463,0.88888888888889,0.22773883792625,0.083903782393883,0.055935854929254986,0.071917527766185,0.055935854929254986,4.6700072570774
82,1598.7231965253,0.88888888888889,0.22773883792625,0.083903782393883,0.055935854929254986,0.071917527766185,0.055935854929254986,4.6830321350998
83,1845.1868431377,0.88888888888889,0.22773883792625,0.083903782393883,0.055935854929254986,0.071917527766185,0.055935854929254986,4.7061227763768
84,2215.8838957349,0.88888888888889,0.22773883792625,0.083903782393883,0.055935854929254986,0.071917527766185,0.055935854929254986,4.690640565851701
85,2592.1703800783,0.88888888888889,0.22773883792625,0.083903782393883,0.055935854929254986,0.071917527766185,0.055935854929254986,4.6961131581175
86,718.5772602626599,0.88888888888889,0.22773883792625,0.083903782393883,0.055935854929254986,0.071917527766185,0.055935854929254986,3.5612385811293
87,1190.2369945322,0.88888888888889,0.22773883792625,0.083903782393883,0.055935854929254986,0.071917527766185,0.055935854929254986,4.0662519543829
88,1547.2209842762,0.88888888888889,0.22773883792625,0.083903782393883,0.055935854929254986,0.071917527766185,0.055935854929254986,4.147750153273201
89,2141.6057972294,0.88888888888889,0.22773883792625,0.083903782393883,0.055935854929254986,0.071917527766185,0.055935854929254986,4.0301189810105
90,2582.7374996981,0.88888888888889,0.22773883792625,0.083903782393883,0.055935854929254986,0.071917527766185,0.055935854929254986,4.114086838785299
91,2686.089596751,0.88888888888889,0.22773883792625,0.083903782393883,0.055935854929254986,0.071917527766185,0.055935854929254986,4.0043146650333
92,3094.8353624468,0.88888888888889,0.22773883792625,0.083903782393883,0.055935854929254986,0.071917527766185,0.055935854929254986,3.891891656112
93,3482.4407316613,0.88888888888889,0.22773883792625,0.083903782393883,0.055935854929254986,0.071917527766185,0.055935854929254986,4.077741934631
94,3583.0181159312,0.88888888888889,0.22773883792625,0.083903782393883,0.055935854929254986,0.071917527766185,0.055935854929254986,4.1368761110366
95,3764.2164797162,0.88888888888889,0.22773883792625,0.083903782393883,0.055935854929254986,0.071917527766185,0.055935854929254986,4.2367297741649015
96,3989.1663389801,0.88888888888889,0.22773883792625,0.083903782393883,0.055935854929254986,0.071917527766185,0.055935854929254986,4.1847109420875
97,4251.225719235,0.88888888888889,0.22773883792625,0.083903782393883,0.055935854929254986,0.071917527766185,0.055935854929254986,4.1068636869499
98,4368.674271490499,0.88888888888889,0.22773883792625,0.083903782393883,0.055935854929254986,0.071917527766185,0.055935854929254986,4.1635386024231
99,4564.173883917199,0.88888888888889,0.22773883792625,0.083903782393883,0.055935854929254986,0.071917527766185,0.055935854929254986,4.1763765356605
100,4765.028606295,0.88888888888889,0.22773883792625,0.083903782393883,0.055935854929254986,0.071917527766185,0.055935854929254986,4.1419394565331
101,4995.8165069677,0.88888888888889,0.22773883792625,0.083903782393883,0.055935854929254986,0.071917527766185,0.055935854929254986,4.1246865814678
102,5176.6138566456,0.88888888888889,0.22773883792625,0.083903782393883,0.055935854929254986,0.071917527766185,0.055935854929254986,4.0755289781527
103,5413.6617683566,0.88888888888889,0.22773883792625,0.083903782393883,0.055935854929254986,0.071917527766185,0.055935854929254986,4.0080807265691
104,5975.9673584164,0.88888888888889,0.22773883792625,0.083903782393883,0.055935854929254986,0.071917527766185,0.055935854929254986,3.9381194184741
105,6486.1582609633,0.88888888888889,0.22773883792625,0.083903782393883,0.055935854929254986,0.071917527766185,0.055935854929254986,4.0076324605465
106,7101.0586123196,0.88888888888889,0.22773883792625,0.083903782393883,0.055935854929254986,0.071917527766185,0.055935854929254986,3.866415695981
107,7549.4247615756,0.88888888888889,0.22773883792625,0.083903782393883,0.055935854929254986,0.071917527766185,0.055935854929254986,3.6775604517369
108,8339.032001431899,0.88888888888889,0.22773883792625,0.083903782393883,0.055935854929254986,0.071917527766185,0.055935854929254986,3.449653054714
109,8683.8565006845,0.88888888888889,0.22773883792625,0.083903782393883,0.055935854929254986,0.071917527766185,0.055935854929254986,3.5513190137018
110,9207.537098455501,0.88888888888889,0.22773883792625,0.083903782393883,0.055935854929254986,0.071917527766185,0.055935854929254986,3.6213253747183
111,10274.889942268,0.88888888888889,0.22773883792625,0.083903782393883,0.055935854929254986,0.071917527766185,0.055935854929254986,3.7561684526136
112,11205.004521382,0.88888888888889,0.22773883792625,0.083903782393883,0.055935854929254986,0.071917527766185,0.055935854929254986,3.7488062850208
113,11746.35069514,0.88888888888889,0.22773883792625,0.083903782393883,0.055935854929254986,0.071917527766185,0.055935854929254986,3.3065082053393
114,1103.2076050934,0.77777777777778,0.19178007404316,0.053938145824639,0.041951891196941,0.04794501851079,0.07990836418465,5.250573130355
115,659.8293869803,0.77777777777778,0.19178007404316,0.053938145824639,0.041951891196941,0.04794501851079,0.07990836418465,4.6389085564579
116,453.15673045403,0.77777777777778,0.19178007404316,0.053938145824639,0.041951891196941,0.04794501851079,0.07990836418465,4.5337608127179
117,292.94952272982005,0.77777777777778,0.19178007404316,0.053938145824639,0.041951891196941,0.04794501851079,0.07990836418465,4.3937010010196
118,164.52531561131,0.77777777777778,0.19178007404316,0.053938145824639,0.041951891196941,0.04794501851079,0.07990836418465,3.5187519917424
119,71.084872636362,0.77777777777778,0.19178007404316,0.053938145824639,0.041951891196941,0.04794501851079,0.07990836418465,5.3061070210638
120,1557.9564215052999,0.77777777777778,0.19178007404316,0.053938145824639,0.041951891196941,0.04794501851079,0.07990836418465,5.437114322561599
121,2073.1791638329,0.77777777777778,0.19178007404316,0.053938145824639,0.041951891196941,0.04794501851079,0.07990836418465,5.2803009738548
122,1703.146366566,0.77777777777778,0.19178007404316,0.053938145824639,0.041951891196941,0.04794501851079,0.07990836418465,5.1193062199038
123,2535.0234404412,0.77777777777778,0.19178007404316,0.053938145824639,0.041951891196941,0.04794501851079,0.07990836418465,5.4213058119419015
124,2951.5232419609997,0.77777777777778,0.19178007404316,0.053938145824639,0.041951891196941,0.04794501851079,0.07990836418465,4.684985176936401
125,3281.015625995,0.77777777777778,0.19178007404316,0.053938145824639,0.041951891196941,0.04794501851079,0.07990836418465,4.5807465154393
126,3617.4656169346995,0.77777777777778,0.19178007404316,0.053938145824639,0.041951891196941,0.04794501851079,0.07990836418465,4.4807788953125
127,4058.5169202237,0.77777777777778,0.19178007404316,0.053938145824639,0.041951891196941,0.04794501851079,0.07990836418465,4.4210739800937
128,4562.2903834116,0.77777777777778,0.19178007404316,0.053938145824639,0.041951891196941,0.04794501851079,0.07990836418465,4.3762191008054
129,5636.438028558299,0.77777777777778,0.19178007404316,0.053938145824639,0.041951891196941,0.04794501851079,0.07990836418465,4.3804307721227005
130,6285.714863605302,0.77777777777778,0.19178007404316,0.053938145824639,0.041951891196941,0.04794501851079,0.07990836418465,4.443127732910701
131,6850.0314062092,0.77777777777778,0.19178007404316,0.053938145824639,0.041951891196941,0.04794501851079,0.07990836418465,4.3805841003602
132,7419.793381911299,0.77777777777778,0.19178007404316,0.053938145824639,0.041951891196941,0.04794501851079,0.07990836418465,4.4064642126728
133,8085.5529894016,0.77777777777778,0.19178007404316,0.053938145824639,0.041951891196941,0.04794501851079,0.07990836418465,4.2714704937502015
134,8747.9806555136,0.77777777777778,0.19178007404316,0.053938145824639,0.041951891196941,0.04794501851079,0.07990836418465,4.3850875662921
135,9410.5969220809,0.77777777777778,0.19178007404316,0.053938145824639,0.041951891196941,0.04794501851079,0.07990836418465,4.2468901826988
136,10163.741407231,0.77777777777778,0.19178007404316,0.053938145824639,0.041951891196941,0.04794501851079,0.07990836418465,4.1310261900634
137,11022.250680119,0.77777777777778,0.19178007404316,0.053938145824639,0.041951891196941,0.04794501851079,0.07990836418465,3.9695072643332
138,11769.108483423,0.77777777777778,0.19178007404316,0.053938145824639,0.041951891196941,0.04794501851079,0.07990836418465,4.0571979151086
139,33.028760678958996,0.88888888888889,0.1598167283693,0.07990836418465,0.07990836418465,0.11986254627697998,0.11986254627697998,2.7650226046362
140,136.10342143266,0.88888888888889,0.1598167283693,0.07990836418465,0.07990836418465,0.11986254627697998,0.11986254627697998,1.574120453717
141,301.48528122585,0.88888888888889,0.1598167283693,0.07990836418465,0.07990836418465,0.11986254627697998,0.11986254627697998,1.7332522111153998
142,544.77513246816,0.88888888888889,0.1598167283693,0.07990836418465,0.07990836418465,0.11986254627697998,0.11986254627697998,1.7875175441486002
143,849.40001548724,0.88888888888889,0.1598167283693,0.07990836418465,0.07990836418465,0.11986254627697998,0.11986254627697998,1.7975154206045
144,1217.4525827213001,0.88888888888889,0.1598167283693,0.07990836418465,0.07990836418465,0.11986254627697998,0.11986254627697998,1.7598954014094998
145,1655.4064712471,0.88888888888889,0.1598167283693,0.07990836418465,0.07990836418465,0.11986254627697998,0.11986254627697998,1.7231485328582
146,2132.7854827041,0.88888888888889,0.1598167283693,0.07990836418465,0.07990836418465,0.11986254627697998,0.11986254627697998,1.748164002999
147,2687.2860272435,0.88888888888889,0.1598167283693,0.07990836418465,0.07990836418465,0.11986254627697998,0.11986254627697998,1.5355232845839
148,2395.4389123355,0.88888888888889,0.1598167283693,0.07990836418465,0.07990836418465,0.11986254627697998,0.11986254627697998,1.5456509597822
149,1876.7253416101998,0.88888888888889,0.1598167283693,0.07990836418465,0.07990836418465,0.11986254627697998,0.11986254627697998,1.5671402260641
150,1417.7439730158999,0.88888888888889,0.1598167283693,0.07990836418465,0.07990836418465,0.11986254627697998,0.11986254627697998,1.5466077478063998
151,1015.9148240541999,0.88888888888889,0.1598167283693,0.07990836418465,0.07990836418465,0.11986254627697998,0.11986254627697998,1.5310273685008002
152,688.58734196085,0.88888888888889,0.1598167283693,0.07990836418465,0.07990836418465,0.11986254627697998,0.11986254627697998,1.5309701124541
153,414.41746904702006,0.88888888888889,0.1598167283693,0.07990836418465,0.07990836418465,0.11986254627697998,0.11986254627697998,1.4708649828042
154,210.94783951551997,0.88888888888889,0.1598167283693,0.07990836418465,0.07990836418465,0.11986254627697998,0.11986254627697998,1.3320307502931
155,76.598058310663,0.88888888888889,0.1598167283693,0.07990836418465,0.07990836418465,0.11986254627697998,0.11986254627697998,1.535052201879
156,32.69847306274,0.88888888888889,0.1598167283693,0.07990836418465,0.07990836418465,0.11986254627697998,0.11986254627697998,2.0468067174793
157,137.28497857895002,0.88888888888889,0.1598167283693,0.07990836418465,0.07990836418465,0.11986254627697998,0.11986254627697998,1.3688852115003
158,304.73705615753,0.88888888888889,0.1598167283693,0.07990836418465,0.07990836418465,0.11986254627697998,0.11986254627697998,1.4412892021411
159,547.1357540914,0.88888888888889,0.1598167283693,0.07990836418465,0.07990836418465,0.11986254627697998,0.11986254627697998,1.5235039256717
160,230.24909941061,0.88888888888889,0.1598167283693,0.07990836418465,0.07990836418465,0.11986254627697998,0.11986254627697998,1.0101878749811
161,1244.9412362054,0.88888888888889,0.1598167283693,0.07990836418465,0.07990836418465,0.11986254627697998,0.11986254627697998,1.5423783802326998
162,1676.7941517184,0.88888888888889,0.1598167283693,0.07990836418465,0.07990836418465,0.11986254627697998,0.11986254627697998,1.51129874629
163,2144.4365338406,0.88888888888889,0.1598167283693,0.07990836418465,0.07990836418465,0.11986254627697998,0.11986254627697998,1.4896610428028
164,2689.9121253195003,0.88888888888889,0.1598167283693,0.07990836418465,0.07990836418465,0.11986254627697998,0.11986254627697998,1.4352771958692
165,695.9970016516901,0.88888888888889,0.1598167283693,0.07990836418465,0.07990836418465,0.11986254627697998,0.11986254627697998,1.5103060813203002
166,3403.3894427429,0.88888888888889,0.1598167283693,0.07990836418465,0.07990836418465,0.11986254627697998,0.11986254627697998,1.4267500065109
167,4104.6897416514,0.88888888888889,0.1598167283693,0.07990836418465,0.07990836418465,0.11986254627697998,0.11986254627697998,1.3648166376542
168,4793.1836059969,0.88888888888889,0.1598167283693,0.07990836418465,0.07990836418465,0.11986254627697998,0.11986254627697998,1.3463944436914
169,5451.8281952979,0.88888888888889,0.1598167283693,0.07990836418465,0.07990836418465,0.11986254627697998,0.11986254627697998,1.3122548404913
170,5847.262228279201,0.88888888888889,0.1598167283693,0.07990836418465,0.07990836418465,0.11986254627697998,0.11986254627697998,1.2955679533759998
171,6379.7876041291,0.88888888888889,0.1598167283693,0.07990836418465,0.07990836418465,0.11986254627697998,0.11986254627697998,1.2880683117376002
172,6810.362443761,0.88888888888889,0.1598167283693,0.07990836418465,0.07990836418465,0.11986254627697998,0.11986254627697998,1.2728450212885
173,7072.139875828,0.88888888888889,0.1598167283693,0.07990836418465,0.07990836418465,0.11986254627697998,0.11986254627697998,1.2721211288741
174,35.7707710232,0.92222222222222,0.1598167283693,0.07990836418465,0.07990836418465,0.11986254627697998,0.11986254627697998,2.6131756112511
175,149.54924291001,0.92222222222222,0.1598167283693,0.07990836418465,0.07990836418465,0.11986254627697998,0.11986254627697998,1.7889249339547
176,327.17168604674,0.92222222222222,0.1598167283693,0.07990836418465,0.07990836418465,0.11986254627697998,0.11986254627697998,1.3867547594846
177,592.02894412427,0.92222222222222,0.1598167283693,0.07990836418465,0.07990836418465,0.11986254627697998,0.11986254627697998,1.298545911478
178,916.73631073659,0.92222222222222,0.1598167283693,0.07990836418465,0.07990836418465,0.11986254627697998,0.11986254627697998,1.2678791618007
179,1325.1388062524,0.92222222222222,0.1598167283693,0.07990836418465,0.07990836418465,0.11986254627697998,0.11986254627697998,1.2265847967027
180,1774.7287894585004,0.92222222222222,0.1598167283693,0.07990836418465,0.07990836418465,0.11986254627697998,0.11986254627697998,1.2170835400591
181,2285.471834738,0.92222222222222,0.1598167283693,0.07990836418465,0.07990836418465,0.11986254627697998,0.11986254627697998,1.132363654869
182,2591.9650238555,0.92222222222222,0.1598167283693,0.07990836418465,0.07990836418465,0.11986254627697998,0.11986254627697998,1.1235333017246998
183,2006.0298237514,0.92222222222222,0.1598167283693,0.07990836418465,0.07990836418465,0.11986254627697998,0.11986254627697998,1.1529004982325
184,1526.8361000329999,0.92222222222222,0.1598167283693,0.07990836418465,0.07990836418465,0.11986254627697998,0.11986254627697998,1.2183335435881
185,1081.0375691955,0.92222222222222,0.1598167283693,0.07990836418465,0.07990836418465,0.11986254627697998,0.11986254627697998,1.2578208386624
186,726.3211430954201,0.92222222222222,0.1598167283693,0.07990836418465,0.07990836418465,0.11986254627697998,0.11986254627697998,1.3093750474193
187,442.28751118928,0.92222222222222,0.1598167283693,0.07990836418465,0.07990836418465,0.11986254627697998,0.11986254627697998,1.3932904333396
188,226.80787645311,0.92222222222222,0.1598167283693,0.07990836418465,0.07990836418465,0.11986254627697998,0.11986254627697998,1.709071317899
189,80.390757139679,0.92222222222222,0.1598167283693,0.07990836418465,0.07990836418465,0.11986254627697998,0.11986254627697998,2.3158929498946
190,143.83090501576,0.92222222222222,0.1598167283693,0.07990836418465,0.07990836418465,0.11986254627697998,0.11986254627697998,1.8275721135567
191,321.60914419906004,0.92222222222222,0.1598167283693,0.07990836418465,0.07990836418465,0.11986254627697998,0.11986254627697998,1.5330818891782998
192,586.21687934771,0.92222222222222,0.1598167283693,0.07990836418465,0.07990836418465,0.11986254627697998,0.11986254627697998,1.3570803037225
193,906.78530605375,0.92222222222222,0.1598167283693,0.07990836418465,0.07990836418465,0.11986254627697998,0.11986254627697998,1.2632749302486002
194,1310.2384728536001,0.92222222222222,0.1598167283693,0.07990836418465,0.07990836418465,0.11986254627697998,0.11986254627697998,1.2356820486377
195,2219.2086625634,0.92222222222222,0.1598167283693,0.07990836418465,0.07990836418465,0.11986254627697998,0.11986254627697998,1.2609272404337
196,2311.1594859564,0.92222222222222,0.1598167283693,0.07990836418465,0.07990836418465,0.11986254627697998,0.11986254627697998,1.1365902745347
197,2955.3885791238,0.92222222222222,0.1598167283693,0.07990836418465,0.07990836418465,0.11986254627697998,0.11986254627697998,1.0859728551734
198,3558.9673693056,0.92222222222222,0.1598167283693,0.07990836418465,0.07990836418465,0.11986254627697998,0.11986254627697998,1.0320779491238
199,4261.831860479,0.92222222222222,0.1598167283693,0.07990836418465,0.07990836418465,0.11986254627697998,0.11986254627697998,1.0149040935863
200,5134.197458760999,0.92222222222222,0.1598167283693,0.07990836418465,0.07990836418465,0.11986254627697998,0.11986254627697998,0.98310781012693
201,5706.831416045,0.92222222222222,0.1598167283693,0.07990836418465,0.07990836418465,0.11986254627697998,0.11986254627697998,0.96957229185413
202,6526.644492051501,0.92222222222222,0.1598167283693,0.07990836418465,0.07990836418465,0.11986254627697998,0.11986254627697998,0.9436906430591
203,7261.2432657554,0.92222222222222,0.1598167283693,0.07990836418465,0.07990836418465,0.11986254627697998,0.11986254627697998,1.1097277002246002
204,6070.810851604,0.92222222222222,0.1598167283693,0.07990836418465,0.07990836418465,0.11986254627697998,0.11986254627697998,1.0454338426599
205,145.79538169263,0.94444444444444,0.17979381941546,0.04794501851079,0.07990836418465,0.099885455230813,0.027967927464628,8.534876436245499
206,176.96959103007,0.94444444444444,0.17979381941546,0.04794501851079,0.07990836418465,0.099885455230813,0.027967927464628,7.092304324288699
207,220.12722183506,0.94444444444444,0.17979381941546,0.04794501851079,0.07990836418465,0.099885455230813,0.027967927464628,5.5245093476053
208,280.75063787822,0.94444444444444,0.17979381941546,0.04794501851079,0.07990836418465,0.099885455230813,0.027967927464628,5.061222605492
209,369.54084039734,0.94444444444444,0.17979381941546,0.04794501851079,0.07990836418465,0.099885455230813,0.027967927464628,4.4995209333144
210,432.93957500823,0.94444444444444,0.17979381941546,0.04794501851079,0.07990836418465,0.099885455230813,0.027967927464628,4.2132822272002
211,478.35123272228,0.94444444444444,0.17979381941546,0.04794501851079,0.07990836418465,0.099885455230813,0.027967927464628,4.1252663219851
212,524.28022148544,0.94444444444444,0.17979381941546,0.04794501851079,0.07990836418465,0.099885455230813,0.027967927464628,3.8463597036149
213,597.16078112373,0.94444444444444,0.17979381941546,0.04794501851079,0.07990836418465,0.099885455230813,0.027967927464628,4.0612870726239
214,695.4830392581799,0.94444444444444,0.17979381941546,0.04794501851079,0.07990836418465,0.099885455230813,0.027967927464628,3.6918683196679
215,797.0980727431198,0.94444444444444,0.17979381941546,0.04794501851079,0.07990836418465,0.099885455230813,0.027967927464628,3.4336606546067
216,911.57370841358,0.94444444444444,0.17979381941546,0.04794501851079,0.07990836418465,0.099885455230813,0.027967927464628,3.3428585924624
217,1051.34600883,0.94444444444444,0.17979381941546,0.04794501851079,0.07990836418465,0.099885455230813,0.027967927464628,3.2260952454722
218,1234.9751448064,0.94444444444444,0.17979381941546,0.04794501851079,0.07990836418465,0.099885455230813,0.027967927464628,3.1080482480942004
219,148.26170984763002,0.94444444444444,0.17979381941546,0.04794501851079,0.07990836418465,0.099885455230813,0.027967927464628,8.6870784320435
220,184.67322809733002,0.94444444444444,0.17979381941546,0.04794501851079,0.07990836418465,0.099885455230813,0.027967927464628,8.022605955628999
221,243.72981442401002,0.94444444444444,0.17979381941546,0.04794501851079,0.07990836418465,0.099885455230813,0.027967927464628,7.467913796168599
222,389.00151551887,0.94444444444444,0.17979381941546,0.04794501851079,0.07990836418465,0.099885455230813,0.027967927464628,6.8641044825236
223,494.43300495205,0.94444444444444,0.17979381941546,0.04794501851079,0.07990836418465,0.099885455230813,0.027967927464628,5.6854321829993
224,548.21028733175,0.94444444444444,0.17979381941546,0.04794501851079,0.07990836418465,0.099885455230813,0.027967927464628,5.4882710758226
225,736.60567114963,0.94444444444444,0.17979381941546,0.04794501851079,0.07990836418465,0.099885455230813,0.027967927464628,4.771499862277901
226,848.51055687962,0.94444444444444,0.17979381941546,0.04794501851079,0.07990836418465,0.099885455230813,0.027967927464628,4.5223897185472
227,1024.195275874,0.94444444444444,0.17979381941546,0.04794501851079,0.07990836418465,0.099885455230813,0.027967927464628,3.740257370262
228,732.77079522358,0.94444444444444,0.17979381941546,0.04794501851079,0.07990836418465,0.099885455230813,0.027967927464628,4.1097180966084
229,486.97605728043,0.94444444444444,0.17979381941546,0.04794501851079,0.07990836418465,0.099885455230813,0.027967927464628,4.9430200027882005
230,326.58444627823,0.94444444444444,0.17979381941546,0.04794501851079,0.07990836418465,0.099885455230813,0.027967927464628,5.3367331029012
231,217.7523020341,0.94444444444444,0.17979381941546,0.04794501851079,0.07990836418465,0.099885455230813,0.027967927464628,6.7709427885663
232,154.18621595247,0.94444444444444,0.17979381941546,0.04794501851079,0.07990836418465,0.099885455230813,0.027967927464628,11.024039804660001
233,453.22141651249,0.94444444444444,0.17979381941546,0.04794501851079,0.07990836418465,0.099885455230813,0.027967927464628,5.522865143692
234,570.6996342994099,0.94444444444444,0.17979381941546,0.04794501851079,0.07990836418465,0.099885455230813,0.027967927464628,4.6277659596547
235,707.17431862035,0.94444444444444,0.17979381941546,0.04794501851079,0.07990836418465,0.099885455230813,0.027967927464628,4.2558966439367
236,861.29716481982,0.94444444444444,0.17979381941546,0.04794501851079,0.07990836418465,0.099885455230813,0.027967927464628,3.814133984579
237,934.37889827718,0.94444444444444,0.17979381941546,0.04794501851079,0.07990836418465,0.099885455230813,0.027967927464628,3.767687354671
238,1062.6402213668,0.94444444444444,0.17979381941546,0.04794501851079,0.07990836418465,0.099885455230813,0.027967927464628,3.5243892791666003
239,1212.028253134,0.94444444444444,0.17979381941546,0.04794501851079,0.07990836418465,0.099885455230813,0.027967927464628,3.0494971821875
240,294.75422169017,1.0,0.13983963732314006,0.0019977091046163,0.12785338269544,0.08989690970773101,0.029965636569244,8.9146452051111
241,349.38234359089995,1.0,0.13983963732314006,0.0019977091046163,0.12785338269544,0.08989690970773101,0.029965636569244,6.722612810464599
242,458.12622282191,1.0,0.13983963732314006,0.0019977091046163,0.12785338269544,0.08989690970773101,0.029965636569244,4.6733257223009
243,513.07968050817,1.0,0.13983963732314006,0.0019977091046163,0.12785338269544,0.08989690970773101,0.029965636569244,4.1048138334579
244,621.76622520075,1.0,0.13983963732314006,0.0019977091046163,0.12785338269544,0.08989690970773101,0.029965636569244,3.4819747172482995
245,722.8929721067,1.0,0.13983963732314006,0.0019977091046163,0.12785338269544,0.08989690970773101,0.029965636569244,2.940780957536
246,596.56291768017,1.0,0.13983963732314006,0.0019977091046163,0.12785338269544,0.08989690970773101,0.029965636569244,3.1748885436811
247,449.92524635380994,1.0,0.13983963732314006,0.0019977091046163,0.12785338269544,0.08989690970773101,0.029965636569244,3.7369483951953
248,287.83183057591,1.0,0.13983963732314006,0.0019977091046163,0.12785338269544,0.08989690970773101,0.029965636569244,5.7512034322652985
249,174.35722325579,1.0,0.13983963732314006,0.0019977091046163,0.12785338269544,0.08989690970773101,0.029965636569244,10.2376181053
250,220.18474497395002,1.0,0.13983963732314006,0.0019977091046163,0.12785338269544,0.08989690970773101,0.029965636569244,8.0887202227192
251,351.09546439393,1.0,0.13983963732314006,0.0019977091046163,0.12785338269544,0.08989690970773101,0.029965636569244,4.8686403443123005
252,514.78965797028,1.0,0.13983963732314006,0.0019977091046163,0.12785338269544,0.08989690970773101,0.029965636569244,3.5605756628116
253,681.29557000225,1.0,0.13983963732314006,0.0019977091046163,0.12785338269544,0.08989690970773101,0.029965636569244,2.8832554603479
254,57.669807178275995,1.0,0.12785338269544,0.0019977091046163,0.087899200603115,0.08989690970773101,0.029965636569244,8.67721680796
255,89.830396897351,1.0,0.12785338269544,0.0019977091046163,0.087899200603115,0.08989690970773101,0.029965636569244,6.931505549032298
256,119.44695507381,1.0,0.12785338269544,0.0019977091046163,0.087899200603115,0.08989690970773101,0.029965636569244,5.8149172251695
257,155.6980372028,1.0,0.12785338269544,0.0019977091046163,0.087899200603115,0.08989690970773101,0.029965636569244,5.1349031911217
258,200.39150438277,1.0,0.12785338269544,0.0019977091046163,0.087899200603115,0.08989690970773101,0.029965636569244,4.6875940351268
259,241.39179744549,1.0,0.12785338269544,0.0019977091046163,0.087899200603115,0.08989690970773101,0.029965636569244,4.2970802421703
260,326.0356818199,1.0,0.12785338269544,0.0019977091046163,0.087899200603115,0.08989690970773101,0.029965636569244,4.157934497341
261,375.93521310335,1.0,0.12785338269544,0.0019977091046163,0.087899200603115,0.08989690970773101,0.029965636569244,3.8890483920189
262,445.17741849009,1.0,0.12785338269544,0.0019977091046163,0.087899200603115,0.08989690970773101,0.029965636569244,3.6776100563626
263,480.44916132110984,1.0,0.12785338269544,0.0019977091046163,0.087899200603115,0.08989690970773101,0.029965636569244,3.4402948232062
264,579.9673349431299,1.0,0.12785338269544,0.0019977091046163,0.087899200603115,0.08989690970773101,0.029965636569244,3.1150489406499
265,655.8371489323598,1.0,0.12785338269544,0.0019977091046163,0.087899200603115,0.08989690970773101,0.029965636569244,2.918092014227
266,576.58302550498,1.0,0.12785338269544,0.0019977091046163,0.087899200603115,0.08989690970773101,0.029965636569244,2.9695424976545
267,442.21356233379004,1.0,0.12785338269544,0.0019977091046163,0.087899200603115,0.08989690970773101,0.029965636569244,3.4596668549125
268,309.49334727808997,1.0,0.12785338269544,0.0019977091046163,0.087899200603115,0.08989690970773101,0.029965636569244,3.9763068653574
269,210.90836870929002,1.0,0.12785338269544,0.0019977091046163,0.087899200603115,0.08989690970773101,0.029965636569244,4.5786335706172006
270,123.73026001594,1.0,0.12785338269544,0.0019977091046163,0.087899200603115,0.08989690970773101,0.029965636569244,6.2414618969568005
271,144.59368245777,1.0,0.12785338269544,0.0019977091046163,0.087899200603115,0.08989690970773101,0.029965636569244,5.840039927804002
272,198.56277150058997,1.0,0.12785338269544,0.0019977091046163,0.087899200603115,0.08989690970773101,0.029965636569244,5.3063871654568
273,249.35073666251,1.0,0.12785338269544,0.0019977091046163,0.087899200603115,0.08989690970773101,0.029965636569244,4.4947067711119
274,308.16478280357995,1.0,0.12785338269544,0.0019977091046163,0.087899200603115,0.08989690970773101,0.029965636569244,3.9706078925685
275,440.16900766384003,1.0,0.12785338269544,0.0019977091046163,0.087899200603115,0.08989690970773101,0.029965636569244,3.6189445363488
276,618.7897328139401,1.0,0.12785338269544,0.0019977091046163,0.087899200603115,0.08989690970773101,0.029965636569244,3.040301426505
277,68.065904346534,1.0,0.12785338269544,0.0019977091046163,0.087899200603115,0.08989690970773101,0.029965636569244,4.9938516645975
278,100.69309159222,1.0,0.12785338269544,0.0019977091046163,0.087899200603115,0.08989690970773101,0.029965636569244,4.5679066210145
279,135.29498847255,1.0,0.12785338269544,0.0019977091046163,0.087899200603115,0.08989690970773101,0.029965636569244,4.2103944370705015
280,230.85116946159,1.0,0.12785338269544,0.0019977091046163,0.087899200603115,0.08989690970773101,0.029965636569244,3.78502684286
281,297.95936069571,1.0,0.12785338269544,0.0019977091046163,0.087899200603115,0.08989690970773101,0.029965636569244,3.6671273920413
282,349.48645104227006,1.0,0.12785338269544,0.0019977091046163,0.087899200603115,0.08989690970773101,0.029965636569244,3.4837502074841
283,425.41976051815004,1.0,0.12785338269544,0.0019977091046163,0.087899200603115,0.08989690970773101,0.029965636569244,3.3841229267182005
284,498.09801473463,1.0,0.12785338269544,0.0019977091046163,0.087899200603115,0.08989690970773101,0.029965636569244,3.1417822599910004
285,568.5032562628701,1.0,0.12785338269544,0.0019977091046163,0.087899200603115,0.08989690970773101,0.029965636569244,3.0417898654419
286,666.26254203802,1.0,0.12785338269544,0.0019977091046163,0.087899200603115,0.08989690970773101,0.029965636569244,2.7958284416217
287,384.1932726426,1.0,0.11986254627697998,0.03196334567386,0.04794501851079,0.069919818661569,0.049942727615406,7.6740182359680995
288,458.99064157572997,1.0,0.11986254627697998,0.03196334567386,0.04794501851079,0.069919818661569,0.049942727615406,6.1790951891666
289,541.7666270400599,1.0,0.11986254627697998,0.03196334567386,0.04794501851079,0.069919818661569,0.049942727615406,4.941987244997
290,616.23941458948,1.0,0.11986254627697998,0.03196334567386,0.04794501851079,0.069919818661569,0.049942727615406,4.1500503324639
291,561.20190396694,1.0,0.11986254627697998,0.03196334567386,0.04794501851079,0.069919818661569,0.049942727615406,5.6925344052263
292,677.0127679946701,1.0,0.11986254627697998,0.03196334567386,0.04794501851079,0.069919818661569,0.049942727615406,5.0180834401242
293,254.26880787062998,0.94444444444444,0.087899200603115,0.03196334567386,0.087899200603115,0.099885455230813,0.019977091046163003,9.5250128171697
294,308.75151882026,0.94444444444444,0.087899200603115,0.03196334567386,0.087899200603115,0.099885455230813,0.019977091046163003,6.3344874026777
295,398.79019348717003,0.94444444444444,0.087899200603115,0.03196334567386,0.087899200603115,0.099885455230813,0.019977091046163003,5.8057067382907
296,499.00851486638,0.94444444444444,0.087899200603115,0.03196334567386,0.087899200603115,0.099885455230813,0.019977091046163003,4.482074352052201
297,591.48246147997,0.94444444444444,0.087899200603115,0.03196334567386,0.087899200603115,0.099885455230813,0.019977091046163003,3.8667807032563
298,725.58367193678,0.94444444444444,0.087899200603115,0.03196334567386,0.087899200603115,0.099885455230813,0.019977091046163003,3.4940083170467995
299,874.58274669813,0.94444444444444,0.087899200603115,0.03196334567386,0.087899200603115,0.099885455230813,0.019977091046163003,3.3563716210771
300,969.62323117535,0.94444444444444,0.087899200603115,0.03196334567386,0.087899200603115,0.099885455230813,0.019977091046163003,3.2456982855853
301,1093.05751421,0.94444444444444,0.087899200603115,0.03196334567386,0.087899200603115,0.099885455230813,0.019977091046163003,3.0751906246744003
302,1248.9782256838,0.94444444444444,0.087899200603115,0.03196334567386,0.087899200603115,0.099885455230813,0.019977091046163003,2.9506135116877004
303,1376.7440325103,0.94444444444444,0.087899200603115,0.03196334567386,0.087899200603115,0.099885455230813,0.019977091046163003,2.7469751920339
304,1562.8565335494,0.94444444444444,0.087899200603115,0.03196334567386,0.087899200603115,0.099885455230813,0.019977091046163003,2.6081485359055
305,1208.6900250736999,0.94444444444444,0.087899200603115,0.03196334567386,0.087899200603115,0.099885455230813,0.019977091046163003,3.1108566050725
306,975.16575849123,0.94444444444444,0.087899200603115,0.03196334567386,0.087899200603115,0.099885455230813,0.019977091046163003,3.6411985543426
307,778.28492585172,0.94444444444444,0.087899200603115,0.03196334567386,0.087899200603115,0.099885455230813,0.019977091046163003,4.5493553313752
308,559.15320008697,0.94444444444444,0.087899200603115,0.03196334567386,0.087899200603115,0.099885455230813,0.019977091046163003,5.8015664502022
309,387.36961864529,0.94444444444444,0.087899200603115,0.03196334567386,0.087899200603115,0.099885455230813,0.019977091046163003,7.9404479757144
310,254.26880787062998,0.94444444444444,0.087899200603115,0.03196334567386,0.087899200603115,0.099885455230813,0.019977091046163003,9.5250128171697
311,308.75151882026,0.94444444444444,0.087899200603115,0.03196334567386,0.087899200603115,0.099885455230813,0.019977091046163003,6.3344874026777
312,398.79019348717003,0.94444444444444,0.087899200603115,0.03196334567386,0.087899200603115,0.099885455230813,0.019977091046163003,5.8057067382907
313,499.00851486638,0.94444444444444,0.087899200603115,0.03196334567386,0.087899200603115,0.099885455230813,0.019977091046163003,4.482074352052201
314,591.48246147997,0.94444444444444,0.087899200603115,0.03196334567386,0.087899200603115,0.099885455230813,0.019977091046163003,3.8667807032563
315,725.58367193678,0.94444444444444,0.087899200603115,0.03196334567386,0.087899200603115,0.099885455230813,0.019977091046163003,3.4940083170467995
316,874.58274669813,0.94444444444444,0.087899200603115,0.03196334567386,0.087899200603115,0.099885455230813,0.019977091046163003,3.3563716210771
317,969.62323117535,0.94444444444444,0.087899200603115,0.03196334567386,0.087899200603115,0.099885455230813,0.019977091046163003,3.2456982855853
318,1093.05751421,0.94444444444444,0.087899200603115,0.03196334567386,0.087899200603115,0.099885455230813,0.019977091046163003,3.0751906246744003
319,1248.9782256838,0.94444444444444,0.087899200603115,0.03196334567386,0.087899200603115,0.099885455230813,0.019977091046163003,2.9506135116877004
320,1376.7440325103,0.94444444444444,0.087899200603115,0.03196334567386,0.087899200603115,0.099885455230813,0.019977091046163003,2.7469751920339
321,1562.8565335494,0.94444444444444,0.087899200603115,0.03196334567386,0.087899200603115,0.099885455230813,0.019977091046163003,2.6081485359055
322,1208.6900250736999,0.94444444444444,0.087899200603115,0.03196334567386,0.087899200603115,0.099885455230813,0.019977091046163003,3.1108566050725
323,975.16575849123,0.94444444444444,0.087899200603115,0.03196334567386,0.087899200603115,0.099885455230813,0.019977091046163003,3.6411985543426
324,778.28492585172,0.94444444444444,0.087899200603115,0.03196334567386,0.087899200603115,0.099885455230813,0.019977091046163003,4.5493553313752
325,559.15320008697,0.94444444444444,0.087899200603115,0.03196334567386,0.087899200603115,0.099885455230813,0.019977091046163003,5.8015664502022
326,387.36961864529,0.94444444444444,0.087899200603115,0.03196334567386,0.087899200603115,0.099885455230813,0.019977091046163003,7.9404479757144
327,471.05164069726,0.94444444444444,0.087899200603115,0.03196334567386,0.087899200603115,0.099885455230813,0.019977091046163003,6.7965487636276
328,655.31428560323,0.94444444444444,0.087899200603115,0.03196334567386,0.087899200603115,0.099885455230813,0.019977091046163003,5.2751614391371
329,854.75298048542,0.94444444444444,0.087899200603115,0.03196334567386,0.087899200603115,0.099885455230813,0.019977091046163003,4.2213248829139
330,1174.4621857632,0.94444444444444,0.087899200603115,0.03196334567386,0.087899200603115,0.099885455230813,0.019977091046163003,3.4598194758015
331,1409.3609095977,0.94444444444444,0.087899200603115,0.03196334567386,0.087899200603115,0.099885455230813,0.019977091046163003,3.3217064436379
332,1694.0211091823,0.94444444444444,0.087899200603115,0.03196334567386,0.087899200603115,0.099885455230813,0.019977091046163003,2.9251834021640004
333,1880.9044831494,0.94444444444444,0.087899200603115,0.03196334567386,0.087899200603115,0.099885455230813,0.019977091046163003,2.7585087062799
334,311.24343377037997,1.0,0.14982818284622,0.0019977091046163,0.11986254627697998,0.099885455230813,0.019977091046163003,4.8499875146786
335,375.20646094376,1.0,0.14982818284622,0.0019977091046163,0.11986254627697998,0.099885455230813,0.019977091046163003,4.0103168009058
336,473.58045846981,1.0,0.14982818284622,0.0019977091046163,0.11986254627697998,0.099885455230813,0.019977091046163003,3.2479947551137
337,557.70808053103,1.0,0.14982818284622,0.0019977091046163,0.11986254627697998,0.099885455230813,0.019977091046163003,2.8378517341349
338,685.28843024309,1.0,0.14982818284622,0.0019977091046163,0.11986254627697998,0.099885455230813,0.019977091046163003,2.5000950777811
339,806.75969687131,1.0,0.14982818284622,0.0019977091046163,0.11986254627697998,0.099885455230813,0.019977091046163003,2.3121503170544
340,937.48571357865,1.0,0.14982818284622,0.0019977091046163,0.11986254627697998,0.099885455230813,0.019977091046163003,2.0283539212714
341,1077.4901182888,1.0,0.14982818284622,0.0019977091046163,0.11986254627697998,0.099885455230813,0.019977091046163003,1.856070641498
342,1138.958150038,1.0,0.14982818284622,0.0019977091046163,0.11986254627697998,0.099885455230813,0.019977091046163003,1.8248433518924
343,1332.3050502114,1.0,0.14982818284622,0.0019977091046163,0.11986254627697998,0.099885455230813,0.019977091046163003,1.6623445085468995
344,1565.6549242395001,1.0,0.14982818284622,0.0019977091046163,0.11986254627697998,0.099885455230813,0.019977091046163003,1.4675749040423
345,1750.5894268344,1.0,0.14982818284622,0.0019977091046163,0.11986254627697998,0.099885455230813,0.019977091046163003,1.3533833857887
346,1289.5163218972,1.0,0.14982818284622,0.0019977091046163,0.11986254627697998,0.099885455230813,0.019977091046163003,1.6199930636714
347,1056.1625501263,1.0,0.14982818284622,0.0019977091046163,0.11986254627697998,0.099885455230813,0.019977091046163003,1.8437425235666
348,796.4408630229401,1.0,0.14982818284622,0.0019977091046163,0.11986254627697998,0.099885455230813,0.019977091046163003,2.3022506178717004
349,595.71421563096,1.0,0.14982818284622,0.0019977091046163,0.11986254627697998,0.099885455230813,0.019977091046163003,2.8755005518141004
350,408.71447518289,1.0,0.14982818284622,0.0019977091046163,0.11986254627697998,0.099885455230813,0.019977091046163003,4.0679752759482986
351,263.48740952913,1.0,0.14982818284622,0.0019977091046163,0.11986254627697998,0.099885455230813,0.019977091046163003,7.1928995629952
352,319.32571768522,1.0,0.14982818284622,0.0019977091046163,0.11986254627697998,0.099885455230813,0.019977091046163003,5.4133396548045
353,512.1681116405,1.0,0.14982818284622,0.0019977091046163,0.11986254627697998,0.099885455230813,0.019977091046163003,3.4406871857075
354,688.2124917033,1.0,0.14982818284622,0.0019977091046163,0.11986254627697998,0.099885455230813,0.019977091046163003,2.6541979352596
355,985.43737935894,1.0,0.14982818284622,0.0019977091046163,0.11986254627697998,0.099885455230813,0.019977091046163003,2.0205711528457
356,1215.1998841253,1.0,0.14982818284622,0.0019977091046163,0.11986254627697998,0.099885455230813,0.019977091046163003,1.7942995036998002
357,1552.219467866,1.0,0.14982818284622,0.0019977091046163,0.11986254627697998,0.099885455230813,0.019977091046163003,1.5989429882486998
358,1862.3351966469,1.0,0.14982818284622,0.0019977091046163,0.11986254627697998,0.099885455230813,0.019977091046163003,1.4588236093183002
359,2157.0682322192,1.0,0.14982818284622,0.0019977091046163,0.11986254627697998,0.099885455230813,0.019977091046163003,1.3288724083973
360,2398.1490903806,1.0,0.14982818284622,0.0019977091046163,0.11986254627697998,0.099885455230813,0.019977091046163003,1.2610412234311998
361,2648.4376113741,1.0,0.14982818284622,0.0019977091046163,0.11986254627697998,0.099885455230813,0.019977091046163003,1.2454238616213
362,2861.2260751562,1.0,0.14982818284622,0.0019977091046163,0.11986254627697998,0.099885455230813,0.019977091046163003,1.2029861659471002
363,2938.3165112927004,1.0,0.14982818284622,0.0019977091046163,0.11986254627697998,0.099885455230813,0.019977091046163003,1.2136946888679
364,3182.2947753832,1.0,0.14982818284622,0.0019977091046163,0.11986254627697998,0.099885455230813,0.019977091046163003,1.1681897210513
365,3340.7741663683,1.0,0.14982818284622,0.0019977091046163,0.11986254627697998,0.099885455230813,0.019977091046163003,1.1689438705908
366,3510.2002421178004,1.0,0.14982818284622,0.0019977091046163,0.11986254627697998,0.099885455230813,0.019977091046163003,1.1528081096661
367,3714.0930510878,1.0,0.14982818284622,0.0019977091046163,0.11986254627697998,0.099885455230813,0.019977091046163003,1.1659876290193998
368,3955.3287502231,1.0,0.14982818284622,0.0019977091046163,0.11986254627697998,0.099885455230813,0.019977091046163003,1.1399427135368
369,4187.9925586613,1.0,0.14982818284622,0.0019977091046163,0.11986254627697998,0.099885455230813,0.019977091046163003,1.1220370001785
370,4510.1205647794,1.0,0.14982818284622,0.0019977091046163,0.11986254627697998,0.099885455230813,0.019977091046163003,1.0763670108853
371,4672.6195344032,1.0,0.14982818284622,0.0019977091046163,0.11986254627697998,0.099885455230813,0.019977091046163003,1.0553467517978
372,4974.0619683088,1.0,0.14982818284622,0.0019977091046163,0.11986254627697998,0.099885455230813,0.019977091046163003,1.0327415849707
373,5483.7948080027,1.0,0.14982818284622,0.0019977091046163,0.11986254627697998,0.099885455230813,0.019977091046163003,1.0301751176403
374,5874.2912335977,1.0,0.14982818284622,0.0019977091046163,0.11986254627697998,0.099885455230813,0.019977091046163003,0.96560740629699
375,6279.8293627779,1.0,0.14982818284622,0.0019977091046163,0.11986254627697998,0.099885455230813,0.019977091046163003,0.95725067766913
376,6634.712552984001,1.0,0.14982818284622,0.0019977091046163,0.11986254627697998,0.099885455230813,0.019977091046163003,0.96032690424488
377,691.0697886022998,0.94444444444444,0.19977091046163,0.13983963732314006,0.059931273138488,0.10987400075389,0.019977091046163003,6.8336978411676
378,879.4674984924701,0.94444444444444,0.19977091046163,0.13983963732314006,0.059931273138488,0.10987400075389,0.019977091046163003,6.4107640385058
379,963.32479323431,0.94444444444444,0.19977091046163,0.13983963732314006,0.059931273138488,0.10987400075389,0.019977091046163003,4.711071469450901
380,1078.4802706796002,0.94444444444444,0.19977091046163,0.13983963732314006,0.059931273138488,0.10987400075389,0.019977091046163003,4.464746482240001
381,1238.68064082,0.94444444444444,0.19977091046163,0.13983963732314006,0.059931273138488,0.10987400075389,0.019977091046163003,4.256547631489299
382,1370.9115634277,0.94444444444444,0.19977091046163,0.13983963732314006,0.059931273138488,0.10987400075389,0.019977091046163003,4.040899245221
383,1533.5763128517,0.94444444444444,0.19977091046163,0.13983963732314006,0.059931273138488,0.10987400075389,0.019977091046163003,3.7816000556051006
384,1494.6366054977,0.94444444444444,0.19977091046163,0.13983963732314006,0.059931273138488,0.10987400075389,0.019977091046163003,3.4132611984924
385,1836.0631532125,0.94444444444444,0.19977091046163,0.13983963732314006,0.059931273138488,0.10987400075389,0.019977091046163003,3.1203308796361
386,1681.3950630964996,0.94444444444444,0.19977091046163,0.13983963732314006,0.059931273138488,0.10987400075389,0.019977091046163003,4.2113703013724
387,1256.7784261842,0.94444444444444,0.19977091046163,0.13983963732314006,0.059931273138488,0.10987400075389,0.019977091046163003,5.615833839240099
388,1033.2161613885,0.94444444444444,0.19977091046163,0.13983963732314006,0.059931273138488,0.10987400075389,0.019977091046163003,7.1192145987436
389,755.9326285483,0.94444444444444,0.19977091046163,0.13983963732314006,0.059931273138488,0.10987400075389,0.019977091046163003,6.9028826543814015
390,1045.89011199,0.94444444444444,0.19977091046163,0.13983963732314006,0.059931273138488,0.10987400075389,0.019977091046163003,5.810756457213
391,1271.3556697146,0.94444444444444,0.19977091046163,0.13983963732314006,0.059931273138488,0.10987400075389,0.019977091046163003,5.043490899680001
392,1550.5707855519,0.94444444444444,0.19977091046163,0.13983963732314006,0.059931273138488,0.10987400075389,0.019977091046163003,4.062253262125799
393,1836.4890759075,0.94444444444444,0.19977091046163,0.13983963732314006,0.059931273138488,0.10987400075389,0.019977091046163003,3.768412231480701
394,2065.8429463539,0.94444444444444,0.19977091046163,0.13983963732314006,0.059931273138488,0.10987400075389,0.019977091046163003,3.5621541099265
395,2257.162391632,0.94444444444444,0.19977091046163,0.13983963732314006,0.059931273138488,0.10987400075389,0.019977091046163003,3.3848959225857995
396,2410.052922456,0.94444444444444,0.19977091046163,0.13983963732314006,0.059931273138488,0.10987400075389,0.019977091046163003,3.2112041294878
397,13.045565051325,1.0,0.29208365445536,0.1251787090523,0.11822433632717,0.097361218151788,0.12378783450727,1.1193143654093998
398,41.157532967601,1.0,0.29208365445536,0.1251787090523,0.11822433632717,0.097361218151788,0.12378783450727,0.7553496573430402
399,92.185499005464,1.0,0.29208365445536,0.1251787090523,0.11822433632717,0.097361218151788,0.12378783450727,0.8088871949408101
400,17.15177055751,1.0,0.29208365445536,0.1251787090523,0.11822433632717,0.097361218151788,0.12378783450727,1.0178450069482
401,13.420891712671,1.0,0.29208365445536,0.1251787090523,0.11822433632717,0.097361218151788,0.12378783450727,1.2589448772036
402,49.533244010071,1.0,0.29208365445536,0.1251787090523,0.11822433632717,0.097361218151788,0.12378783450727,0.67698532678862
403,94.25967272317301,1.0,0.29208365445536,0.1251787090523,0.11822433632717,0.097361218151788,0.12378783450727,0.85574210853513
404,31.235080942124,1.0,0.29208365445536,0.1251787090523,0.11822433632717,0.097361218151788,0.12378783450727,0.83573764420872
405,91.22775751924601,1.0,0.29208365445536,0.1251787090523,0.11822433632717,0.097361218151788,0.12378783450727,0.82175697259423
406,204.65180779176998,1.0,0.29208365445536,0.1251787090523,0.11822433632717,0.097361218151788,0.12378783450727,1.1193069225389
407,28.519888754306002,1.0,0.29208365445536,0.1251787090523,0.11822433632717,0.097361218151788,0.12378783450727,1.3491006634943
408,356.33712018532003,1.0,0.29208365445536,0.1251787090523,0.11822433632717,0.097361218151788,0.12378783450727,1.4653958513968
409,454.29013909080993,1.0,0.29208365445536,0.1251787090523,0.11822433632717,0.097361218151788,0.12378783450727,1.5546462072795
410,631.73405531122,1.0,0.29208365445536,0.1251787090523,0.11822433632717,0.097361218151788,0.12378783450727,1.6464318844068
411,773.04125593366,1.0,0.29208365445536,0.1251787090523,0.11822433632717,0.097361218151788,0.12378783450727,1.6753361346079
412,964.06277922493,1.0,0.29208365445536,0.1251787090523,0.11822433632717,0.097361218151788,0.12378783450727,2.0646989122256003
413,716.0212324589,1.0,0.29208365445536,0.1251787090523,0.11822433632717,0.097361218151788,0.12378783450727,2.1049571669871003
414,521.1252843446599,1.0,0.29208365445536,0.1251787090523,0.11822433632717,0.097361218151788,0.12378783450727,2.2306829785179
415,396.02692832344,1.0,0.29208365445536,0.1251787090523,0.11822433632717,0.097361218151788,0.12378783450727,2.1306245425758
416,296.70561321406,1.0,0.29208365445536,0.1251787090523,0.11822433632717,0.097361218151788,0.12378783450727,2.210447073866
417,227.29322480837,1.0,0.29208365445536,0.1251787090523,0.11822433632717,0.097361218151788,0.12378783450727,1.9530496409547
418,158.01055456256,1.0,0.29208365445536,0.1251787090523,0.11822433632717,0.097361218151788,0.12378783450727,1.7917066226406002
419,92.396537943167,1.0,0.29208365445536,0.1251787090523,0.11822433632717,0.097361218151788,0.12378783450727,1.8634056866809
420,49.768317047346,1.0,0.29208365445536,0.1251787090523,0.11822433632717,0.097361218151788,0.12378783450727,1.516141849209
421,15.696556615535,1.0,0.29208365445536,0.1251787090523,0.11822433632717,0.097361218151788,0.12378783450727,1.7194092159081
422,158.74342929281,0.83333333333333,0.23644867265434,0.048680609075894,0.11822433632717,0.097361218151788,0.12378783450727,4.6165123903979
423,149.83435928193995,0.83333333333333,0.23644867265434,0.048680609075894,0.11822433632717,0.097361218151788,0.12378783450727,4.512682594492599
424,225.85447256429,0.83333333333333,0.23644867265434,0.048680609075894,0.11822433632717,0.097361218151788,0.12378783450727,3.9409601084912
425,352.26054572085997,0.83333333333333,0.23644867265434,0.048680609075894,0.11822433632717,0.097361218151788,0.12378783450727,3.3889930430326003
426,518.3360145253599,0.83333333333333,0.23644867265434,0.048680609075894,0.11822433632717,0.097361218151788,0.12378783450727,2.7793530219144
427,589.77977624509,0.83333333333333,0.23644867265434,0.048680609075894,0.11822433632717,0.097361218151788,0.12378783450727,2.8818920985241
428,551.13759046624,0.83333333333333,0.23644867265434,0.048680609075894,0.11822433632717,0.097361218151788,0.12378783450727,2.7997331696766
429,656.12041214192,0.83333333333333,0.23644867265434,0.048680609075894,0.11822433632717,0.097361218151788,0.12378783450727,2.7931716784605003
430,21.280033631944,1.0,0.13493012552664,0.05782719665427299,0.054614574617925016,0.044976708508879006,0.057184672247003,1.6104076465228
431,76.78362650701399,1.0,0.13493012552664,0.05782719665427299,0.054614574617925016,0.044976708508879006,0.057184672247003,1.618026437493
432,197.44361101804,1.0,0.13493012552664,0.05782719665427299,0.054614574617925016,0.044976708508879006,0.057184672247003,1.8567380995724
433,329.0726850300601,1.0,0.13493012552664,0.05782719665427299,0.054614574617925016,0.044976708508879006,0.057184672247003,1.7925738139521998
434,438.76358004008006,1.0,0.13493012552664,0.05782719665427299,0.054614574617925016,0.044976708508879006,0.057184672247003,1.5576179794588998
435,14.212010899101,1.0,0.51707669449943,0.23938735856455,0.34950554350424995,0.23938735856455,0.44047273975878,4.6994689519326
436,35.530027247753,1.0,0.51707669449943,0.23938735856455,0.34950554350424995,0.23938735856455,0.44047273975878,4.7836204919125
437,71.060054495506,1.0,0.51707669449943,0.23938735856455,0.34950554350424995,0.23938735856455,0.44047273975878,4.5202381143518
438,106.59008174326,1.0,0.51707669449943,0.23938735856455,0.34950554350424995,0.23938735856455,0.44047273975878,3.641231038347701
439,142.12010899101003,1.0,0.51707669449943,0.23938735856455,0.34950554350424995,0.23938735856455,0.44047273975878,3.1639684171161
440,36.381302962976,1.0,0.51241178207833,0.23722767688812,0.34635240825665004,0.23722767688812,0.43649892547413,3.7337228455962
441,72.76260592595101,1.0,0.51241178207833,0.23722767688812,0.34635240825665004,0.23722767688812,0.43649892547413,3.1361306717601
442,109.14390888893,1.0,0.51241178207833,0.23722767688812,0.34635240825665004,0.23722767688812,0.43649892547413,2.9916445387267
443,145.5252118519,1.0,0.51241178207833,0.23722767688812,0.34635240825665004,0.23722767688812,0.43649892547413,2.9634577864286
444,10.865402430402,1.0,0.55402570545137,0.25649338215341,0.37448033794398,0.25649338215341,0.47194782316228,3.1553875399314
445,16.298103645603,1.0,0.55402570545137,0.25649338215341,0.37448033794398,0.25649338215341,0.47194782316228,2.6269214965344
446,27.163506076005,1.0,0.55402570545137,0.25649338215341,0.37448033794398,0.25649338215341,0.47194782316228,2.4916478619851
447,40.745259114007,1.0,0.55402570545137,0.25649338215341,0.37448033794398,0.25649338215341,0.47194782316228,2.1391685962814
448,54.327012152009,1.0,0.55402570545137,0.25649338215341,0.37448033794398,0.25649338215341,0.47194782316228,2.3544596926804
449,7.6173714144988,1.0,0.61339425264382,0.28397882066844,0.41460907817592,0.28397882066844,0.52252103002992,3.0732472836715
450,10.156495219332,1.0,0.61339425264382,0.28397882066844,0.41460907817592,0.28397882066844,0.52252103002992,2.6115247294053
451,16.92749203222,1.0,0.61339425264382,0.28397882066844,0.41460907817592,0.28397882066844,0.52252103002992,2.1231805313216
452,25.391238048329,1.0,0.61339425264382,0.28397882066844,0.41460907817592,0.28397882066844,0.52252103002992,1.8228262452868
453,33.854984064439,1.0,0.61339425264382,0.28397882066844,0.41460907817592,0.28397882066844,0.52252103002992,1.6718999025869
454,230.90485364541001,1.0,0.7116830306643499,0.30365142641678994,0.26569499811469,0.0094891070755246,0.7875958872685501,3.7930870621581
455,212.04842431970002,1.0,0.7116830306643499,0.30365142641678994,0.26569499811469,0.0094891070755246,0.7875958872685501,4.0356494921039
456,193.34843459673002,1.0,0.7116830306643499,0.30365142641678994,0.26569499811469,0.0094891070755246,0.7875958872685501,4.3222069762151
457,171.34138443443,1.0,0.7116830306643499,0.30365142641678994,0.26569499811469,0.0094891070755246,0.7875958872685501,4.6514288547184
458,144.04449282131,1.0,0.7116830306643499,0.30365142641678994,0.26569499811469,0.0094891070755246,0.7875958872685501,5.147490095342
459,125.60281034938,1.0,0.7116830306643499,0.30365142641678994,0.26569499811469,0.0094891070755246,0.7875958872685501,5.2469311434262
460,112.58558014922,1.0,0.7116830306643499,0.30365142641678994,0.26569499811469,0.0094891070755246,0.7875958872685501,5.7303605513393
461,97.04348752344102,1.0,0.7116830306643499,0.30365142641678994,0.26569499811469,0.0094891070755246,0.7875958872685501,5.4794838445487
462,97.04348752344102,1.0,0.7116830306643499,0.30365142641678994,0.26569499811469,0.0094891070755246,0.7875958872685501,5.4794838445487
463,254.34532714446,1.0,0.7116830306643499,0.30365142641678994,0.26569499811469,0.0094891070755246,0.7875958872685501,3.6139339804878
464,284.67641942469,1.0,0.7116830306643499,0.30365142641678994,0.26569499811469,0.0094891070755246,0.7875958872685501,3.5197200779533
465,284.84741154862,1.0,0.7116830306643499,0.30365142641678994,0.26569499811469,0.0094891070755246,0.7875958872685501,3.535533768055
466,235.31426756452998,1.0,0.7116830306643499,0.30365142641678994,0.26569499811469,0.0094891070755246,0.7875958872685501,3.9236477556433
467,213.36906561726002,1.0,0.7116830306643499,0.30365142641678994,0.26569499811469,0.0094891070755246,0.7875958872685501,4.2030442995778
468,193.61401810836003,1.0,0.7116830306643499,0.30365142641678994,0.26569499811469,0.0094891070755246,0.7875958872685501,4.4164695046813
469,192.0023263871,1.0,0.7116830306643499,0.30365142641678994,0.26569499811469,0.0094891070755246,0.7875958872685501,4.444834719085501
470,171.87982771827996,1.0,0.7116830306643499,0.30365142641678994,0.26569499811469,0.0094891070755246,0.7875958872685501,4.817413670895
471,154.53322246553998,1.0,0.7116830306643499,0.30365142641678994,0.26569499811469,0.0094891070755246,0.7875958872685501,4.9220737918312
472,131.83856567723,1.0,0.7116830306643499,0.30365142641678994,0.26569499811469,0.0094891070755246,0.7875958872685501,5.0977393759769
473,189.00814515325,1.0,0.7116830306643499,0.30365142641678994,0.26569499811469,0.0094891070755246,0.7875958872685501,4.1895707985875
474,233.85901544601,1.0,0.7116830306643499,0.30365142641678994,0.26569499811469,0.0094891070755246,0.7875958872685501,3.7811858405933
475,280.01961264543,1.0,0.7116830306643499,0.30365142641678994,0.26569499811469,0.0094891070755246,0.7875958872685501,3.553574065717
476,260.32277522128,1.0,0.7116830306643499,0.30365142641678994,0.26569499811469,0.0094891070755246,0.7875958872685501,3.7356292438659
477,236.61671821060003,1.0,0.7116830306643499,0.30365142641678994,0.26569499811469,0.0094891070755246,0.7875958872685501,4.0227640435988
478,213.52550522,1.0,0.7116830306643499,0.30365142641678994,0.26569499811469,0.0094891070755246,0.7875958872685501,4.3255762053175015
479,193.02100287007,1.0,0.7116830306643499,0.30365142641678994,0.26569499811469,0.0094891070755246,0.7875958872685501,4.5940365816467
480,173.56064391516998,1.0,0.7116830306643499,0.30365142641678994,0.26569499811469,0.0094891070755246,0.7875958872685501,4.918155143541
481,155.72652920272,1.0,0.7116830306643499,0.30365142641678994,0.26569499811469,0.0094891070755246,0.7875958872685501,5.0080893493015
482,140.57735464894,1.0,0.7116830306643499,0.30365142641678994,0.26569499811469,0.0094891070755246,0.7875958872685501,5.4705582357543
483,122.36123625538,1.0,0.7116830306643499,0.30365142641678994,0.26569499811469,0.0094891070755246,0.7875958872685501,5.5745939103975
484,107.25571926514999,1.0,0.7116830306643499,0.30365142641678994,0.26569499811469,0.0094891070755246,0.7875958872685501,5.8896876633708
485,93.05973484899599,1.0,0.7116830306643499,0.30365142641678994,0.26569499811469,0.0094891070755246,0.7875958872685501,6.0357730454654
486,80.482718414695,1.0,0.7116830306643499,0.30365142641678994,0.26569499811469,0.0094891070755246,0.7875958872685501,6.5521990415511
487,59.155998617798005,1.0,0.7116830306643499,0.30365142641678994,0.26569499811469,0.0094891070755246,0.7875958872685501,6.5923667738908
488,44.15962553646,1.0,0.7116830306643499,0.30365142641678994,0.26569499811469,0.0094891070755246,0.7875958872685501,6.9146250959789
489,31.116928424233,1.0,0.7116830306643499,0.30365142641678994,0.26569499811469,0.0094891070755246,0.7875958872685501,6.7896032665957
490,21.246680930378,1.0,0.7116830306643499,0.30365142641678994,0.26569499811469,0.0094891070755246,0.7875958872685501,7.0768681341475
491,8.7460652322994,1.0,0.7116830306643499,0.30365142641678994,0.26569499811469,0.0094891070755246,0.7875958872685501,6.7001366344196
492,256.92112339424,1.0,0.7116830306643499,0.30365142641678994,0.26569499811469,0.0094891070755246,0.7875958872685501,3.7991758403654
493,278.19327123669,1.0,0.7116830306643499,0.30365142641678994,0.26569499811469,0.0094891070755246,0.7875958872685501,3.6568866397758
494,235.87817776044997,1.0,0.7116830306643499,0.30365142641678994,0.26569499811469,0.0094891070755246,0.7875958872685501,4.0714503076703
495,213.19443536304001,1.0,0.7116830306643499,0.30365142641678994,0.26569499811469,0.0094891070755246,0.7875958872685501,4.298492678979
496,196.57181803925,1.0,0.7116830306643499,0.30365142641678994,0.26569499811469,0.0094891070755246,0.7875958872685501,4.5075585462086
497,174.50291966191003,1.0,0.7116830306643499,0.30365142641678994,0.26569499811469,0.0094891070755246,0.7875958872685501,4.6333748460976
498,156.97076976405,1.0,0.7116830306643499,0.30365142641678994,0.26569499811469,0.0094891070755246,0.7875958872685501,5.021392037698
499,136.01513925738,1.0,0.7116830306643499,0.30365142641678994,0.26569499811469,0.0094891070755246,0.7875958872685501,5.3212933095601
500,120.35662646212,1.0,0.7116830306643499,0.30365142641678994,0.26569499811469,0.0094891070755246,0.7875958872685501,5.671139394729002
501,106.78640045693001,1.0,0.7116830306643499,0.30365142641678994,0.26569499811469,0.0094891070755246,0.7875958872685501,5.9697441651724015
502,91.160630834328,1.0,0.7116830306643499,0.30365142641678994,0.26569499811469,0.0094891070755246,0.7875958872685501,6.260851688539599
503,80.377212636102,1.0,0.7116830306643499,0.30365142641678994,0.26569499811469,0.0094891070755246,0.7875958872685501,6.5098808434103
504,71.205486159136,1.0,0.7116830306643499,0.30365142641678994,0.26569499811469,0.0094891070755246,0.7875958872685501,6.6106116809953
505,56.947653527945995,1.0,0.7116830306643499,0.30365142641678994,0.26569499811469,0.0094891070755246,0.7875958872685501,6.4656048187562
506,51.05752057824,1.0,0.7116830306643499,0.30365142641678994,0.26569499811469,0.0094891070755246,0.7875958872685501,6.8810749098573
507,43.028167014311,1.0,0.7116830306643499,0.30365142641678994,0.26569499811469,0.0094891070755246,0.7875958872685501,7.019579267433598
508,37.036166416309,1.0,0.7116830306643499,0.30365142641678994,0.26569499811469,0.0094891070755246,0.7875958872685501,7.133888123325
509,31.786344398751996,1.0,0.7116830306643499,0.30365142641678994,0.26569499811469,0.0094891070755246,0.7875958872685501,7.2770804684229
510,25.146756608009,1.0,0.7116830306643499,0.30365142641678994,0.26569499811469,0.0094891070755246,0.7875958872685501,7.2634469013831
511,20.533607392303,1.0,0.7116830306643499,0.30365142641678994,0.26569499811469,0.0094891070755246,0.7875958872685501,7.4369405640992
512,15.705808489117,1.0,0.7116830306643499,0.30365142641678994,0.26569499811469,0.0094891070755246,0.7875958872685501,7.2161209372422
